ma_dia,trang_thai,calo_that,calo_ai,dam_that,dam_ai,tinh_bot_that,tinh_bot_ai,beo_that,beo_ai,ten_ai
dish_1558372433,tra_loi,74,95,20,0.5,0.4,25,0.3,0.3,"Táo tươi"
dish_1558549008,tra_loi,21,30,1,1.5,4.5,6.5,0.2,0.3,"Cà chua bi"
dish_1558549773,tra_loi,2,15,0.3,2.1,0.4,2.2,0,0.2,"Rau chân vịt luộc"
dish_1559844951,tra_loi,274,350,9.8,9,22.8,32,17.9,21,"Hạnh nhân và khoai tây nướng"
dish_1560453174,tra_loi,330,380,32.1,32.5,10.5,18,18.1,19.5,"Đùi gà nướng, đậu cô ve xào và salad rau xanh"
dish_1560455030,tra_loi,21,52,1,1.9,4.6,11.2,0.1,0.5,"Salad rau củ"
dish_1560543755,tra_loi,258,480,17.4,26,27.4,45,8.9,22,"Cá sốt chua ngọt, khoai tây đút lò, súp lơ san hô và salad bắp cải"
dish_1561575474,tra_loi,120,110,3,3.2,17.4,20.5,5,2.1,"Súp lơ, khoai tây và cà tím luộc/áp chảo"
dish_1561662054,tra_loi,419,520,25.9,32.5,26.4,48,23.8,21,"Cơm thịt nướng, đậu cô ve xào và salad rau cải bó xôi"
dish_1561662216,tra_loi,301,380,18.6,18,28.2,35,12.4,20,"Cơm lứt, thịt heo quay và xà lách trộn"
dish_1561739238,tra_loi,274,350,9.5,12,37.6,35,9.8,18,"Phô mai, khoai lang nướng, dừa nạo và trái cây tươi"
dish_1562008979,tra_loi,383,480,35.3,32,10.2,12,22.2,34,"Gà rán trộn xà lách kèm sốt"
dish_1562183096,tra_loi,41,45,2.8,3.5,3.3,4.2,2.6,1.5,"Nấm mỡ xào kèm rau arugula"
dish_1562611680,tra_loi,327,720,16,38,24.8,52,19.4,40,"Pizza pepperoni, salad Caesar, salad thịt gà và bò bít tết"
dish_1562691032,tra_loi,420,485,17.9,22,39.1,52,22,22,"Trứng bác, khoai tây nướng, bông cải xanh, dâu tây, dứa và việt quất"
dish_1562862493,tra_loi,198,210,13.4,13,2.1,4,14.7,16,"Trứng chiên cà chua"
dish_1562963704,tra_loi,664,980,35.9,42,66.1,85,28.4,52,"Mì Ý, pizza, gà nướng, khoai tây bi nướng, salad Caesar"
dish_1563207364,tra_loi,309,210,15,10.5,30.7,32,13.8,3.8,"Trứng luộc, trứng bác, khoai lang luộc, nho"
dish_1563216717,tra_loi,246,380,33.1,35,16.3,30,5.6,12,"Ức gà chiên xù, súp lơ xanh luộc, bí ngòi nướng và táo"
dish_1563468327,tra_loi,352,380,12.1,16,57.5,72,9.8,4,"Dĩa trái cây mix, khoai lang nướng và phô mai tươi"
dish_1563476551,tra_loi,1116,780,85.5,45,74.7,65,51.4,38,"Cá hồi áp chảo sốt kem kèm cơm gạo lứt, bông cải xanh trắng, cà rốt, mì ống penne và pizza"
dish_1563822597,tra_loi,59,180,4.1,6,7.6,10,2.2,13,"Salad Caesar"
dish_1563824250,tra_loi,17,15,0.5,0.4,3.9,3.5,0,0.1,"Hành tây thái lát"
dish_1563984242,tra_loi,402,410,49.4,23.5,36.8,38,3.3,18,"Phô mai mozzarella, dứa, dưa lưới và chuối nướng"
dish_1564432238,tra_loi,455,520,28.1,26,34.9,48,23.2,25,"Pizza, salad rau xanh, bông cải trắng, dứa tươi và thịt bò xào"
dish_1565640549,tra_loi,45,95,2.6,3.5,7,8,1.6,5.2,"Salad rau xanh trộn măng tây và cà chua"
dish_1565972591,tra_loi,195,300,17.1,12,3.7,2,12.2,27,"Xúc xích rán"
dish_1566417398,tra_loi,57,25,0.8,1.5,2.1,3,5.4,0.5,"Xà lách trộn"
dish_1566920365,tra_loi,490,520,60.7,38,41.4,35,5.3,24,"Phô mai cục, khoai lang nướng sốt xanh"
dish_1568649312,tra_loi,44,35,0.5,0.8,10.9,8,0.2,0.4,"Quả mọng hỗn hợp (phúc bổng tử và mâm xôi đen)"
