ma_dia,calo_that,calo_ai,dam_that,dam_ai,tinh_bot_that,tinh_bot_ai,beo_that,beo_ai,ten_ai
dish_1558372433,74,,20,,0.4,,0.3,,""
dish_1558549008,21,30,1,1.5,4.5,6.5,0.2,0.3,"Cà chua bi"
dish_1558549773,2,15,0.3,1.8,0.4,2.2,0,0.2,"Rau bina luộc"
dish_1559844951,274,,9.8,,22.8,,17.9,,""
dish_1560453174,330,,32.1,,10.5,,18.1,,""
dish_1560455030,21,45,1,1.5,4.6,9,0.1,0.4,"Salad rau củ"
dish_1560543755,258,,17.4,,27.4,,8.9,,""
dish_1561575474,120,78,3,2.5,17.4,12,5,2.2,"Rau củ luộc xào thập cẩm"
dish_1561662054,419,,25.9,,26.4,,23.8,,""
dish_1561662216,301,380,18.6,18.5,28.2,32,12.4,20,"Cơm lứt, thịt heo quay trộn salad rau xanh"
dish_1561739238,274,310,9.5,12,37.6,32,9.8,14,"Khoai lang nướng, phô mai, dừa bào và quả mọng hỗn hợp"
dish_1562008979,383,450,35.3,25,10.2,15,22.2,32,"Salad Caesar với gà và coleslaw"
dish_1562183096,41,45,2.8,3.2,3.3,4.5,2.6,1.8,"Nấm mỡ xào rau rocket"
dish_1562611680,327,720,16,38,24.8,45,19.4,42,"Pizza pepperoni, salad Caesar, salad gà và bò bít tết"
dish_1562691032,420,480,17.9,22,39.1,52,22,21,"Trứng bác, khoai tây nướng, bông cải xanh, dứa, dâu tây và việt quất"
dish_1562862493,198,211,13.4,14.5,2.1,1.2,14.7,15.8,"Trứng bác"
dish_1562963704,664,950,35.9,42,66.1,95,28.4,44,"Mì Ý, pizza, gà nướng, khoai tây bi và salad caesar"
dish_1563207364,309,220,15,12,30.7,28,13.8,6.5,"Trứng luộc, trứng bác, khoai lang nướng và nho đỏ"
dish_1563216717,246,340,33.1,32,16.3,18,5.6,14,"Ức gà chiên xù, súp lơ xanh luộc, bí ngòi và dưa leo"
dish_1563468327,352,350,12.1,15,57.5,60,9.8,5,"Dưa hấu, dứa, khoai lang nướng, phô mai tươi và quả mọng"
dish_1563476551,1116,750,85.5,45,74.7,65,51.4,35,"Cá hồi áp chảo sốt kem, cơm gạo lứt, rau củ hấp, bánh pizza mini và bánh brownie"
dish_1563822597,59,180,4.1,6,7.6,12,2.2,11.5,"Salad Caesar với bánh mỳ nướng và phô mai"
dish_1563824250,17,10,0.5,0.3,3.9,2.3,0,0,"Hành tây thái lát trong tô"
dish_1563984242,402,520,49.4,35,36.8,45,3.3,22,"Phô mai mozzarella cắt khối, dứa, dưa lưới và chuối nướng"
dish_1564432238,455,520,28.1,26,34.9,48,23.2,24,"Pizza, salad rau xanh, bông cải trắng, dứa và thịt bò xào"
dish_1565640549,45,75,2.6,3.5,7,8,1.6,3.2,"Salad rau xanh măng tây"
dish_1565972591,195,210,17.1,8,3.7,3,12.2,18,"Xúc xích cắt khúc chiên"
dish_1566417398,57,25,0.8,1.5,2.1,3,5.4,0.3,"Xà lách trộn"
dish_1566920365,490,520,60.7,32,41.4,35,5.3,26,"Phô mai cục sốt xanh với khoai lang nướng"
dish_1568649312,44,25,0.5,0.5,10.9,6,0.2,0.3,"Quả mọng hỗn hợp (phúc bổng tử và mâm xôi đen)"
