file,ten_dung,ai_doan,dung_kha_nang_dau,dung_trong_3_kha_nang,tac_gia,giay_phep,lien_ket
"pho-1.jpg","Phở","Bánh mì thịt heo quay và phở bò | Bánh mì kẹp thịt nguội và phở bò","true","true","Kenny Louie from Vancouver, Canada","CC BY 2.0","https://commons.wikimedia.org/wiki/File:Lunch_at_Hue_Cafe_(3249091535).jpg"
"pho-2.jpg","Phở","Phở bò | Hủ tiếu bò","true","true","Vinnie Cartabiano","CC BY 2.0","https://commons.wikimedia.org/wiki/File:Guests_adjust_the_spice_before_enjoying_ph%E1%BB%9F_15-07-2018.jpg"
"banh-mi-1.jpg","Bánh mì","Bánh mì kẹp thịt và Gỏi cuốn | Bánh mì thịt heo quay và Cuốn chả giò","true","true","stu_spivack","CC BY-SA 2.0","https://commons.wikimedia.org/wiki/File:Banh_mi_and_cuon.jpg"
"banh-mi-2.jpg","Bánh mì","Bánh mì xíu mại | Bánh mì thịt nướng","true","true","Infrogmation of New Orleans","CC BY 3.0","https://commons.wikimedia.org/wiki/File:Banh_Mi_Sao_Mai_po-boy.JPG"
"com-tam-1.jpg","Cơm tấm","Cơm tấm sườn bì chả trứng | Cơm sườn trứng ốp la","true","true","Kham Tran","CC BY-SA 3.0","https://commons.wikimedia.org/wiki/File:Com-Tam-2008.jpg"
"com-tam-2.jpg","Cơm tấm","Cơm tấm sườn chả | Cơm tấm sườn bì chả","true","true","Peter Kauffner","CC BY-SA 3.0","https://commons.wikimedia.org/wiki/File:Broken_rice_restaurant_in_Saigon.JPG"
"bun-cha-1.jpg","Bún chả","Bún chả giò | Chả giò ăn kèm rau sống","true","true","Daiju Azuma","CC BY-SA 2.5","https://commons.wikimedia.org/wiki/File:Bun_cha_gio_by_OpenCage.jpg"
"bun-cha-2.jpg","Bún chả","Thịt heo nướng | Thịt gà nướng vỉ","false","false","Charles Haynes","CC BY-SA 2.0","https://commons.wikimedia.org/wiki/File:Bun_Cha.jpg"
"bun-bo-hue-1.jpg","Bún bò Huế / Bún bò","Bánh canh chả cá | Bánh canh bún nước lèo","false","false","Flickr.com user ""avlxyz""","CC BY-SA 2.0","https://commons.wikimedia.org/wiki/File:Bun_Bo_Hue.jpg"
"bun-bo-hue-2.jpg","Bún bò Huế / Bún bò","Bún bò Huế đầy đủ, rau sống, giá, ớt sa tế | Bánh canh giò chả, rau sống, giá, ớt sa tế","true","true","* etoile from Ho Chi Minh City","CC BY 2.0","https://commons.wikimedia.org/wiki/File:Bun_Bo_Hue_in_Sai_Gon.jpg"
"goi-cuon-1.jpg","Gỏi cuốn / Nem cuốn","Bánh cuốn thịt luộc tôm rau sống | Gỏi cuốn nguyên liệu tự cuốn","false","true","","CC BY 2.0","https://commons.wikimedia.org/wiki/File:East-asian-food-spring-rolls-1.jpg"
"goi-cuon-2.jpg","Gỏi cuốn / Nem cuốn","Gỏi cuốn tôm thịt","true","true","","CC BY 2.0","https://commons.wikimedia.org/wiki/File:East-asian-food-spring-rolls-2.jpg"
"cha-gio-1.jpg","Chả giò / Nem rán","Nem rán, rau sống, nước chấm | Chả giò, rau sống, nước chấm","true","true","Vyacheslav Argenberg","CC BY 4.0","https://commons.wikimedia.org/wiki/File:Vietnamese_fried_spring_rolls_in_Ho_Chi_Minh_City,_Vietnam.jpg"
"banh-xeo-1.jpg","Bánh xèo","Bánh xèo miền Nam | Bánh khọt","true","true","Kent Wang from Austin, TX","CC BY-SA 2.0","https://commons.wikimedia.org/wiki/File:B%C3%A1nh_x%C3%A8o_1.jpg"
"banh-xeo-2.jpg","Bánh xèo","Bánh xèo, chả giò","true","true","Thang Nguyen from Nottingham, United Kingdom","CC BY-SA 2.0","https://commons.wikimedia.org/wiki/File:B%C3%A1nh_x%C3%A8o_2.jpg"
"hu-tieu-1.jpg","Hủ tiếu / Hủ tíu","Hủ tiếu khô trộn (gồm tôm, thịt heo, hoành thánh chiên) | Mì khô trộn (gồm tôm, thịt heo, hoành thánh chiên)","true","true","Kham Tran - www.khamtran.com","CC BY-SA 3.0","https://commons.wikimedia.org/wiki/File:Hu-Tieu-Kho-2008.jpg"
"hu-tieu-2.jpg","Hủ tiếu / Hủ tíu","Hủ tiếu Nam Vang nước | Bánh canh hải sản","true","true","SauceSupreme","CC BY 2.0","https://commons.wikimedia.org/wiki/File:H%E1%BB%A7_ti%E1%BA%BFu_Nam_Vang.jpg"
"bun-rieu-1.jpg","Bún riêu","Bún riêu cua | Bún ốc","true","true","Schellack at English Wikipedia","CC BY 3.0","https://commons.wikimedia.org/wiki/File:Bun_rieu.jpg"
"bun-rieu-2.jpg","Bún riêu","Bún riêu cua tôm | Bún ốc","true","true","VOA - D. Prichep","Public domain","https://commons.wikimedia.org/wiki/File:VOA_Vietnamese_Culture-kitchen-soup.jpg"
"xoi-1.jpg","Xôi","Cơm nếp cẩm gói lá chuối | Xôi lúa gói lá chuối","false","true","The original uploader was Bierdimpfl at German Wikipedia.","CC BY-SA 3.0","https://commons.wikimedia.org/wiki/File:Klebreis.jpg"
"xoi-2.jpg","Xôi","Xôi gà | Xôi vịt","true","true","Yuichi Kosio","CC BY 2.0","https://commons.wikimedia.org/wiki/File:X%C3%B4i_g%C3%A0.jpg"
"banh-cuon-1.jpg","Bánh cuốn","Bánh cuốn | Bánh ướt cuốn nhân thịt","true","true","","CC BY 2.0","https://commons.wikimedia.org/wiki/File:Banhcuon.jpg"
"banh-cuon-2.jpg","Bánh cuốn","Bánh cuốn chả lụa | Bánh ướt chả lụa","true","true","stu_spivack","CC BY-SA 2.0","https://commons.wikimedia.org/wiki/File:Chalua.jpg"
"bo-kho-1.jpg","Bò kho","Bò kho ăn kèm bánh mì","true","true","Jason Hutchens","CC BY 2.0","https://commons.wikimedia.org/wiki/File:Bo_Kho.jpg"
"bo-kho-2.jpg","Bò kho","Bò kho | Cà ri bò","true","true","The original uploader was Badagnani at English Wikipedia.","CC BY 2.0","https://commons.wikimedia.org/wiki/File:Kho.jpg"
"canh-chua-1.jpg","Canh chua","Canh chua hải sản | Lẩu thái mini","true","true","Jason Hutchens","CC BY 2.0","https://commons.wikimedia.org/wiki/File:Canhchua2.jpg"
"canh-chua-2.jpg","Canh chua","Canh chua tôm giá đỗ","true","true","stu_spivack","CC BY-SA 2.0","https://commons.wikimedia.org/wiki/File:Canhchua1.jpg"
